English Name,Arabic Name,Employee Number
Bader bin Ahmed bin Ibrahim Al Dhaheri,بدر بن أحمد بن إبراهيم الظاهري,71926770
Tahnoun bin Ahmed bin Rashid Al Aryani,طحنون بن أحمد بن راشد العرياني,50855879
Ahmed bin Ali bin Nasser Al Mansoori,أحمد بن علي بن ناصر المنصوري,23446177
Abdullah bin Omar bin Hassan Al Qubaisi,عبدالله بن عمر بن حسن القبيسي,79743245
Marwan bin Fahad bin Majid Al Balooshi,مروان بن فهد بن ماجد البلوشي,92741854
Tahnoun bin Saeed bin Eisa Al Mazrouei,طحنون بن سعيد بن عيسى المزروعي,51743849
Hazza bin Jassim bin Abdullah Al Hammadi,هزاع بن جاسم بن عبدالله الحمادي,29695725
Omar bin Abdullah bin Khalid Al Suwaidi,عمر بن عبدالله بن خالد السويدي,30914708
Salem bin Mansour bin Rashid Al Mazrouei,سالم بن منصور بن راشد المزروعي,20923625
Jassim bin Zayed bin Ibrahim Al Muhairi,جاسم بن زايد بن إبراهيم المهيري,67870551
Fahad bin Abdulmajeed bin Sultan Al Rumaithi,فهد بن عبدالمجيد بن سلطان الرميثي,24282111
Mansour bin Mansour bin Saeed Al Mazrouei,منصور بن منصور بن سعيد المزروعي,39312464
Omar bin Abdullah bin Khalifa Al Mualla,عمر بن عبدالله بن خليفة المعلا,45450211
Eisa bin Jassim bin Tariq Al Nahyan,عيسى بن جاسم بن طارق آل نهيان,76911312
Eisa bin Ghanem bin Khalifa Al Aryani,عيسى بن غانم بن خليفة العرياني,32237670
Abdullah bin Fahad bin Marwan Al Dhaheri,عبدالله بن فهد بن مروان الظاهري,86986196
Majid bin Khalid bin Majid Al Shehhi,ماجد بن خالد بن ماجد الشحي,37195138
Majid bin Rashid bin Ali Al Mansoori,ماجد بن راشد بن علي المنصوري,94166740
Hazza bin Hamdan bin Hazza Al Marri,هزاع بن حمدان بن هزاع المري,12449528
Zayed bin Jassim bin Jassim Al Ketbi,زايد بن جاسم بن جاسم الكتبي,90447836
Saif bin Saif bin Saeed Al Marri,سيف بن سيف بن سعيد المري,22935357
Rashid bin Eisa bin Omar Al Rumaithi,راشد بن عيسى بن عمر الرميثي,23514729
Khalid bin Saif bin Marwan Al Otaiba,خالد بن سيف بن مروان العتيبة,43214155
Sultan bin Sultan bin Majid Al Mualla,سلطان بن سلطان بن ماجد المعلا,57767223
Abdulrahman bin Fahad bin Tariq Al Mansoori,عبدالرحمن بن فهد بن طارق المنصوري,12652775
Tahnoun bin Zayed bin Mohammed Al Otaiba,طحنون بن زايد بن محمد العتيبة,46272423
Fahad bin Saeed bin Salem Al Maktoum,فهد بن سعيد بن سالم آل مكتوم,65925598
Khalifa bin Abdullah bin Khalid Al Amimi,خليفة بن عبدالله بن خالد العميمي,68408971
Ghanem bin Bader bin Abdulmajeed Al Maktoum,غانم بن بدر بن عبدالمجيد آل مكتوم,61176968
Majid bin Marwan bin Abdulmajeed Al Qubaisi,ماجد بن مروان بن عبدالمجيد القبيسي,97648244
Zayed bin Khalifa bin Yousef Al Neyadi,زايد بن خليفة بن يوسف النيادي,61166696
Khalifa bin Ghanem bin Khalid Al Maktoum,خليفة بن غانم بن خالد آل مكتوم,35892707
Abdullah bin Mansour bin Sultan Al Menhali,عبدالله بن منصور بن سلطان المنهالي,21204469
Ghanem bin Marwan bin Zayed Al Aryani,غانم بن مروان بن زايد العرياني,19686405
Jassim bin Saeed bin Ahmed Al Qubaisi,جاسم بن سعيد بن أحمد القبيسي,13030805
Salem bin Omar bin Eisa Al Aryani,سالم بن عمر بن عيسى العرياني,51214687
Majid bin Abdulmajeed bin Tariq Al Qasimi,ماجد بن عبدالمجيد بن طارق القاسمي,53198411
Rashid bin Mohammed bin Hassan Al Marri,راشد بن محمد بن حسن المري,20129701
Bader bin Nasser bin Abdulmajeed Al Aryani,بدر بن ناصر بن عبدالمجيد العرياني,57644577
Marwan bin Ahmed bin Majid Al Zaabi,مروان بن أحمد بن ماجد الزعابي,47091219
Hazza bin Hamdan bin Khalifa Al Falasi,هزاع بن حمدان بن خليفة الفلاسي,43245301
Abdulrahman bin Sultan bin Salem Al Nahyan,عبدالرحمن بن سلطان بن سالم آل نهيان,45082774
Khalifa bin Eisa bin Ali Al Shamsi,خليفة بن عيسى بن علي الشامسي,46834848
Nasser bin Omar bin Saeed Al Balooshi,ناصر بن عمر بن سعيد البلوشي,14044507
Ali bin Hussain bin Hazza Al Mazrouei,علي بن حسين بن هزاع المزروعي,48948755
Salem bin Sultan bin Mohammed Al Suwaidi,سالم بن سلطان بن محمد السويدي,53710652
Tahnoun bin Rashid bin Ghanem Al Mazrouei,طحنون بن راشد بن غانم المزروعي,69048720
Abdulmajeed bin Nasser bin Bader Al Shamsi,عبدالمجيد بن ناصر بن بدر الشامسي,13902849
Hussain bin Zayed bin Tahnoun Al Sharqi,حسين بن زايد بن طحنون الشرقي,78057696
Hassan bin Rashid bin Rashid Al Aryani,حسن بن راشد بن راشد العرياني,77766825
Salem bin Abdullah bin Nasser Al Suwaidi,سالم بن عبدالله بن ناصر السويدي,89086126
Bader bin Mansour bin Yousef Al Dhaheri,بدر بن منصور بن يوسف الظاهري,76532462
Saif bin Yousef bin Saeed Al Muhairi,سيف بن يوسف بن سعيد المهيري,40959505
Ali bin Mansour bin Tariq Al Mazrouei,علي بن منصور بن طارق المزروعي,57574367
Hassan bin Khalifa bin Mohammed Al Qubaisi,حسن بن خليفة بن محمد القبيسي,51520546
Hamdan bin Zayed bin Mansour Al Hammadi,حمدان بن زايد بن منصور الحمادي,89009814
Nasser bin Ghanem bin Saeed Al Nahyan,ناصر بن غانم بن سعيد آل نهيان,78030079
Zayed bin Ali bin Abdullah Al Ketbi,زايد بن علي بن عبدالله الكتبي,12094006
Abdullah bin Yousef bin Khalifa Al Qasimi,عبدالله بن يوسف بن خليفة القاسمي,50394187
Yousef bin Jassim bin Rashid Al Rumaithi,يوسف بن جاسم بن راشد الرميثي,35952877
Tariq bin Bader bin Ibrahim Al Shamsi,طارق بن بدر بن إبراهيم الشامسي,97682757
Tariq bin Majid bin Hassan Al Falasi,طارق بن ماجد بن حسن الفلاسي,59735360
Mansour bin Sultan bin Hamdan Al Qasimi,منصور بن سلطان بن حمدان القاسمي,84839858
Jassim bin Tahnoun bin Hussain Al Hammadi,جاسم بن طحنون بن حسين الحمادي,88356916
Majid bin Tariq bin Abdulmajeed Al Sharqi,ماجد بن طارق بن عبدالمجيد الشرقي,36731100
Jassim bin Hassan bin Nasser Al Hammadi,جاسم بن حسن بن ناصر الحمادي,23512186
Hussain bin Sultan bin Zayed Al Shehhi,حسين بن سلطان بن زايد الشحي,70007726
Abdullah bin Hassan bin Fahad Al Zaabi,عبدالله بن حسن بن فهد الزعابي,45782923
Abdullah bin Abdulrahman bin Saeed Al Sharqi,عبدالله بن عبدالرحمن بن سعيد الشرقي,61305616
Tahnoun bin Hussain bin Rashid Al Neyadi,طحنون بن حسين بن راشد النيادي,65581865
Mansour bin Ghanem bin Abdullah Al Qubaisi,منصور بن غانم بن عبدالله القبيسي,53985152
Ibrahim bin Majid bin Salem Al Otaiba,إبراهيم بن ماجد بن سالم العتيبة,83899469
Tariq bin Mohammed bin Nasser Al Amimi,طارق بن محمد بن ناصر العميمي,67562983
Tariq bin Hazza bin Abdullah Al Qubaisi,طارق بن هزاع بن عبدالله القبيسي,80490485
Saeed bin Hazza bin Fahad Al Aryani,سعيد بن هزاع بن فهد العرياني,24960685
Nasser bin Hussain bin Ghanem Al Aryani,ناصر بن حسين بن غانم العرياني,83744054
Omar bin Ghanem bin Jassim Al Dhaheri,عمر بن غانم بن جاسم الظاهري,50748317
Yousef bin Yousef bin Yousef Al Shamsi,يوسف بن يوسف بن يوسف الشامسي,46685485
Ahmed bin Saeed bin Jassim Al Shamsi,أحمد بن سعيد بن جاسم الشامسي,53854905
Jassim bin Ibrahim bin Abdullah Al Marri,جاسم بن إبراهيم بن عبدالله المري,40883516
Bader bin Ahmed bin Zayed Al Otaiba,بدر بن أحمد بن زايد العتيبة,41367452
Jassim bin Saeed bin Tahnoun Al Aryani,جاسم بن سعيد بن طحنون العرياني,40053196
Omar bin Zayed bin Khalid Al Sharqi,عمر بن زايد بن خالد الشرقي,69480738
Fahad bin Hussain bin Khalifa Al Suwaidi,فهد بن حسين بن خليفة السويدي,21615896
Bader bin Saeed bin Saeed Al Kaabi,بدر بن سعيد بن سعيد الكعبي,30462204
Yousef bin Salem bin Khalid Al Zaabi,يوسف بن سالم بن خالد الزعابي,29019233
Ibrahim bin Eisa bin Abdulmajeed Al Zaabi,إبراهيم بن عيسى بن عبدالمجيد الزعابي,89602227
Eisa bin Marwan bin Khalid Al Aryani,عيسى بن مروان بن خالد العرياني,85570832
Mansour bin Tahnoun bin Salem Al Suwaidi,منصور بن طحنون بن سالم السويدي,28862389
Salem bin Mohammed bin Mohammed Al Mazrouei,سالم بن محمد بن محمد المزروعي,23337370
Abdulrahman bin Tahnoun bin Majid Al Nuaimi,عبدالرحمن بن طحنون بن ماجد النعيمي,55273833
Salem bin Hazza bin Bader Al Nuaimi,سالم بن هزاع بن بدر النعيمي,92801227
Yousef bin Zayed bin Khalifa Al Suwaidi,يوسف بن زايد بن خليفة السويدي,35132739
Marwan bin Ibrahim bin Saeed Al Zaabi,مروان بن إبراهيم بن سعيد الزعابي,80159449
Mohammed bin Yousef bin Ahmed Al Mazrouei,محمد بن يوسف بن أحمد المزروعي,88357604
Ali bin Fahad bin Rashid Al Menhali,علي بن فهد بن راشد المنهالي,45796324
Saif bin Yousef bin Khalid Al Aryani,سيف بن يوسف بن خالد العرياني,97057974
Saeed bin Mansour bin Nasser Al Nuaimi,سعيد بن منصور بن ناصر النعيمي,29674469
Khalifa bin Eisa bin Hazza Al Neyadi,خليفة بن عيسى بن هزاع النيادي,68787507
Ghanem bin Omar bin Rashid Al Mansoori,غانم بن عمر بن راشد المنصوري,28204983
Khalifa bin Fahad bin Sultan Al Qubaisi,خليفة بن فهد بن سلطان القبيسي,92358411
Tahnoun bin Sultan bin Khalid Al Zaabi,طحنون بن سلطان بن خالد الزعابي,61764096
Saeed bin Khalifa bin Saif Al Mansoori,سعيد بن خليفة بن سيف المنصوري,45742695
Ahmed bin Yousef bin Saif Al Mazrouei,أحمد بن يوسف بن سيف المزروعي,86116231
Hassan bin Abdullah bin Mansour Al Otaiba,حسن بن عبدالله بن منصور العتيبة,41898289
Majid bin Zayed bin Fahad Al Qasimi,ماجد بن زايد بن فهد القاسمي,14990550
Saeed bin Rashid bin Saif Al Ameri,سعيد بن راشد بن سيف العامري,50570244
Ahmed bin Tariq bin Jassim Al Kaabi,أحمد بن طارق بن جاسم الكعبي,23353113
Saif bin Tariq bin Tahnoun Al Falasi,سيف بن طارق بن طحنون الفلاسي,95584627
Saeed bin Saeed bin Mansour Al Ketbi,سعيد بن سعيد بن منصور الكتبي,25404534
Jassim bin Hussain bin Mansour Al Nahyan,جاسم بن حسين بن منصور آل نهيان,45922918
Majid bin Hassan bin Hussain Al Neyadi,ماجد بن حسن بن حسين النيادي,51101496
Ahmed bin Eisa bin Nasser Al Qubaisi,أحمد بن عيسى بن ناصر القبيسي,37695005
Hamdan bin Ghanem bin Salem Al Mansoori,حمدان بن غانم بن سالم المنصوري,93515488
Ahmed bin Hamdan bin Sultan Al Ketbi,أحمد بن حمدان بن سلطان الكتبي,29203773
Yousef bin Salem bin Fahad Al Zaabi,يوسف بن سالم بن فهد الزعابي,68797139
Saeed bin Nasser bin Rashid Al Maktoum,سعيد بن ناصر بن راشد آل مكتوم,35336201
Saeed bin Hassan bin Eisa Al Amimi,سعيد بن حسن بن عيسى العميمي,70782271
Sultan bin Abdulmajeed bin Bader Al Ameri,سلطان بن عبدالمجيد بن بدر العامري,13035407
Tahnoun bin Jassim bin Saeed Al Otaiba,طحنون بن جاسم بن سعيد العتيبة,70924742
Zayed bin Marwan bin Khalid Al Nuaimi,زايد بن مروان بن خالد النعيمي,53011255
Nasser bin Abdulmajeed bin Saeed Al Marri,ناصر بن عبدالمجيد بن سعيد المري,14428744
Majid bin Mansour bin Bader Al Shehhi,ماجد بن منصور بن بدر الشحي,16075002
Marwan bin Fahad bin Yousef Al Suwaidi,مروان بن فهد بن يوسف السويدي,58156983
Saeed bin Yousef bin Hassan Al Nuaimi,سعيد بن يوسف بن حسن النعيمي,70205916
Majid bin Sultan bin Abdullah Al Hammadi,ماجد بن سلطان بن عبدالله الحمادي,55752042
Saif bin Hazza bin Tariq Al Amimi,سيف بن هزاع بن طارق العميمي,32315202
Abdullah bin Abdullah bin Tariq Al Rumaithi,عبدالله بن عبدالله بن طارق الرميثي,16375881
Jassim bin Zayed bin Mansour Al Otaiba,جاسم بن زايد بن منصور العتيبة,68402393
Ahmed bin Hassan bin Saeed Al Ameri,أحمد بن حسن بن سعيد العامري,91399889
Rashid bin Ghanem bin Khalid Al Marri,راشد بن غانم بن خالد المري,67212578
Eisa bin Ali bin Hussain Al Shehhi,عيسى بن علي بن حسين الشحي,85716917
Nasser bin Hassan bin Khalifa Al Muhairi,ناصر بن حسن بن خليفة المهيري,94931788
Saif bin Salem bin Nasser Al Mansoori,سيف بن سالم بن ناصر المنصوري,77078235
Majid bin Zayed bin Tariq Al Menhali,ماجد بن زايد بن طارق المنهالي,79259506
Abdullah bin Rashid bin Saeed Al Muhairi,عبدالله بن راشد بن سعيد المهيري,73802838
Khalid bin Marwan bin Eisa Al Suwaidi,خالد بن مروان بن عيسى السويدي,50072811
Hassan bin Khalifa bin Hassan Al Zaabi,حسن بن خليفة بن حسن الزعابي,67295181
Saeed bin Marwan bin Sultan Al Aryani,سعيد بن مروان بن سلطان العرياني,81448824
Mohammed bin Tariq bin Zayed Al Kaabi,محمد بن طارق بن زايد الكعبي,82761167
Hassan bin Fahad bin Sultan Al Kaabi,حسن بن فهد بن سلطان الكعبي,44875826
Salem bin Jassim bin Tahnoun Al Amimi,سالم بن جاسم بن طحنون العميمي,24317737
Saeed bin Ahmed bin Ibrahim Al Balooshi,سعيد بن أحمد بن إبراهيم البلوشي,46599624
Nasser bin Eisa bin Saif Al Nuaimi,ناصر بن عيسى بن سيف النعيمي,55160682
Khalifa bin Khalid bin Saeed Al Neyadi,خليفة بن خالد بن سعيد النيادي,36736754
Ahmed bin Khalifa bin Mohammed Al Menhali,أحمد بن خليفة بن محمد المنهالي,47907548
Omar bin Jassim bin Ali Al Menhali,عمر بن جاسم بن علي المنهالي,67320149
Majid bin Majid bin Jassim Al Neyadi,ماجد بن ماجد بن جاسم النيادي,97191859
Rashid bin Zayed bin Ibrahim Al Maktoum,راشد بن زايد بن إبراهيم آل مكتوم,91011297
Hazza bin Hussain bin Eisa Al Marri,هزاع بن حسين بن عيسى المري,47776267
Tahnoun bin Mansour bin Mansour Al Balooshi,طحنون بن منصور بن منصور البلوشي,15876451
Rashid bin Majid bin Fahad Al Muhairi,راشد بن ماجد بن فهد المهيري,61276697
Khalifa bin Khalid bin Yousef Al Balooshi,خليفة بن خالد بن يوسف البلوشي,98810027
Hassan bin Khalifa bin Mohammed Al Nahyan,حسن بن خليفة بن محمد آل نهيان,35484569
Rashid bin Abdullah bin Yousef Al Marri,راشد بن عبدالله بن يوسف المري,36816912
Fahad bin Ali bin Jassim Al Kaabi,فهد بن علي بن جاسم الكعبي,65445362
Ali bin Jassim bin Sultan Al Muhairi,علي بن جاسم بن سلطان المهيري,91453410
Saif bin Hamdan bin Omar Al Mazrouei,سيف بن حمدان بن عمر المزروعي,88944989
Hassan bin Fahad bin Abdulrahman Al Falasi,حسن بن فهد بن عبدالرحمن الفلاسي,59147595
Ghanem bin Ahmed bin Fahad Al Ameri,غانم بن أحمد بن فهد العامري,59383481
Ahmed bin Ibrahim bin Majid Al Marri,أحمد بن إبراهيم بن ماجد المري,62595128
Saif bin Khalid bin Ali Al Neyadi,سيف بن خالد بن علي النيادي,39565037
Khalifa bin Sultan bin Marwan Al Neyadi,خليفة بن سلطان بن مروان النيادي,64208044
Ali bin Sultan bin Hassan Al Amimi,علي بن سلطان بن حسن العميمي,98290811
Nasser bin Jassim bin Tariq Al Mansoori,ناصر بن جاسم بن طارق المنصوري,85972693
Saeed bin Jassim bin Ghanem Al Mazrouei,سعيد بن جاسم بن غانم المزروعي,47565623
Bader bin Zayed bin Hussain Al Rumaithi,بدر بن زايد بن حسين الرميثي,45937536
Nasser bin Khalifa bin Nasser Al Ameri,ناصر بن خليفة بن ناصر العامري,52226587
Tahnoun bin Ali bin Marwan Al Shehhi,طحنون بن علي بن مروان الشحي,77335454
Tariq bin Saif bin Hamdan Al Muhairi,طارق بن سيف بن حمدان المهيري,99464533
Tahnoun bin Hussain bin Abdullah Al Muhairi,طحنون بن حسين بن عبدالله المهيري,31158896
Saeed bin Eisa bin Marwan Al Ketbi,سعيد بن عيسى بن مروان الكتبي,18827354
Omar bin Sultan bin Ibrahim Al Maktoum,عمر بن سلطان بن إبراهيم آل مكتوم,17748410
Majid bin Tariq bin Tahnoun Al Qubaisi,ماجد بن طارق بن طحنون القبيسي,93310279
Abdulrahman bin Jassim bin Khalifa Al Balooshi,عبدالرحمن بن جاسم بن خليفة البلوشي,70532431
Khalid bin Ahmed bin Tahnoun Al Suwaidi,خالد بن أحمد بن طحنون السويدي,70534946
Mohammed bin Sultan bin Saeed Al Ketbi,محمد بن سلطان بن سعيد الكتبي,14477020
Hazza bin Khalifa bin Hazza Al Zaabi,هزاع بن خليفة بن هزاع الزعابي,14172619
Mohammed bin Majid bin Khalid Al Hammadi,محمد بن ماجد بن خالد الحمادي,38792792
Hassan bin Ghanem bin Saif Al Aryani,حسن بن غانم بن سيف العرياني,52100023
Abdulrahman bin Khalifa bin Omar Al Suwaidi,عبدالرحمن بن خليفة بن عمر السويدي,58034644
Mansour bin Majid bin Omar Al Zaabi,منصور بن ماجد بن عمر الزعابي,61648970
Ibrahim bin Abdulmajeed bin Rashid Al Mazrouei,إبراهيم بن عبدالمجيد بن راشد المزروعي,22986687
Khalifa bin Nasser bin Hazza Al Ketbi,خليفة بن ناصر بن هزاع الكتبي,40749605
Ghanem bin Khalifa bin Saeed Al Nuaimi,غانم بن خليفة بن سعيد النعيمي,36977299
Tahnoun bin Zayed bin Omar Al Marri,طحنون بن زايد بن عمر المري,84349420
Hussain bin Abdulrahman bin Majid Al Marri,حسين بن عبدالرحمن بن ماجد المري,85937186
Mansour bin Tariq bin Abdulmajeed Al Menhali,منصور بن طارق بن عبدالمجيد المنهالي,16358175
Hussain bin Eisa bin Salem Al Ketbi,حسين بن عيسى بن سالم الكتبي,78630866
Abdulrahman bin Ahmed bin Zayed Al Balooshi,عبدالرحمن بن أحمد بن زايد البلوشي,46924165
Abdullah bin Bader bin Ghanem Al Suwaidi,عبدالله بن بدر بن غانم السويدي,36452158
Khalid bin Ali bin Sultan Al Rumaithi,خالد بن علي بن سلطان الرميثي,97870316
Abdulmajeed bin Ahmed bin Khalid Al Suwaidi,عبدالمجيد بن أحمد بن خالد السويدي,86537957
Hassan bin Bader bin Eisa Al Qubaisi,حسن بن بدر بن عيسى القبيسي,75014514
Sultan bin Hamdan bin Ali Al Dhaheri,سلطان بن حمدان بن علي الظاهري,34298459
Hussain bin Zayed bin Ali Al Otaiba,حسين بن زايد بن علي العتيبة,10276388
Jassim bin Abdullah bin Ibrahim Al Mualla,جاسم بن عبدالله بن إبراهيم المعلا,35019713
Ibrahim bin Ghanem bin Saeed Al Qasimi,إبراهيم بن غانم بن سعيد القاسمي,55717854
Hamdan bin Tahnoun bin Ahmed Al Mazrouei,حمدان بن طحنون بن أحمد المزروعي,16141316
Ghanem bin Jassim bin Sultan Al Qubaisi,غانم بن جاسم بن سلطان القبيسي,67702848
Tariq bin Khalifa bin Hussain Al Balooshi,طارق بن خليفة بن حسين البلوشي,74449038
Tahnoun bin Khalid bin Zayed Al Shehhi,طحنون بن خالد بن زايد الشحي,97777610
Zayed bin Khalid bin Hussain Al Otaiba,زايد بن خالد بن حسين العتيبة,82760761
Marwan bin Tahnoun bin Khalid Al Neyadi,مروان بن طحنون بن خالد النيادي,74629990
Khalifa bin Yousef bin Ali Al Hammadi,خليفة بن يوسف بن علي الحمادي,39591195
Abdullah bin Eisa bin Ghanem Al Marri,عبدالله بن عيسى بن غانم المري,39607037
Majid bin Hazza bin Hazza Al Nahyan,ماجد بن هزاع بن هزاع آل نهيان,29671559
Yousef bin Abdulrahman bin Abdullah Al Muhairi,يوسف بن عبدالرحمن بن عبدالله المهيري,51117010
Hussain bin Abdulmajeed bin Ahmed Al Qasimi,حسين بن عبدالمجيد بن أحمد القاسمي,37037189
Abdulrahman bin Abdullah bin Ibrahim Al Ameri,عبدالرحمن بن عبدالله بن إبراهيم العامري,22368780
Khalid bin Tariq bin Marwan Al Shehhi,خالد بن طارق بن مروان الشحي,83496797
Abdullah bin Nasser bin Saeed Al Shehhi,عبدالله بن ناصر بن سعيد الشحي,45289711
Khalid bin Yousef bin Abdullah Al Hammadi,خالد بن يوسف بن عبدالله الحمادي,68234511
Omar bin Mohammed bin Bader Al Shamsi,عمر بن محمد بن بدر الشامسي,81847428
Saif bin Hussain bin Abdulmajeed Al Ameri,سيف بن حسين بن عبدالمجيد العامري,82903013
Ibrahim bin Mansour bin Saeed Al Shamsi,إبراهيم بن منصور بن سعيد الشامسي,97425169
Omar bin Jassim bin Khalid Al Marri,عمر بن جاسم بن خالد المري,65193094
Hamdan bin Abdulrahman bin Rashid Al Mazrouei,حمدان بن عبدالرحمن بن راشد المزروعي,19832550
Sultan bin Ibrahim bin Eisa Al Neyadi,سلطان بن إبراهيم بن عيسى النيادي,72907656
Marwan bin Zayed bin Abdulrahman Al Suwaidi,مروان بن زايد بن عبدالرحمن السويدي,17248564
Bader bin Rashid bin Abdullah Al Menhali,بدر بن راشد بن عبدالله المنهالي,71000226
Hussain bin Majid bin Omar Al Muhairi,حسين بن ماجد بن عمر المهيري,98446320
Ibrahim bin Rashid bin Fahad Al Rumaithi,إبراهيم بن راشد بن فهد الرميثي,49127960
Khalifa bin Abdulrahman bin Omar Al Marri,خليفة بن عبدالرحمن بن عمر المري,84318941
Mohammed bin Tahnoun bin Tariq Al Qubaisi,محمد بن طحنون بن طارق القبيسي,40879351
Zayed bin Majid bin Fahad Al Shehhi,زايد بن ماجد بن فهد الشحي,55007877
Mansour bin Mansour bin Jassim Al Otaiba,منصور بن منصور بن جاسم العتيبة,10289957
Abdullah bin Ahmed bin Majid Al Zaabi,عبدالله بن أحمد بن ماجد الزعابي,73546477
Hamdan bin Khalifa bin Saif Al Mazrouei,حمدان بن خليفة بن سيف المزروعي,88039021
Bader bin Khalid bin Ghanem Al Falasi,بدر بن خالد بن غانم الفلاسي,83944356
Hazza bin Nasser bin Marwan Al Rumaithi,هزاع بن ناصر بن مروان الرميثي,58255755
Saif bin Yousef bin Ibrahim Al Menhali,سيف بن يوسف بن إبراهيم المنهالي,37795372
Mansour bin Eisa bin Saeed Al Maktoum,منصور بن عيسى بن سعيد آل مكتوم,92007184
Mohammed bin Saif bin Zayed Al Shamsi,محمد بن سيف بن زايد الشامسي,49017667
Mansour bin Marwan bin Ibrahim Al Nuaimi,منصور بن مروان بن إبراهيم النعيمي,41931085
Hussain bin Abdulmajeed bin Salem Al Sharqi,حسين بن عبدالمجيد بن سالم الشرقي,85322751
Nasser bin Khalid bin Mansour Al Dhaheri,ناصر بن خالد بن منصور الظاهري,46433150
Ahmed bin Salem bin Tahnoun Al Shamsi,أحمد بن سالم بن طحنون الشامسي,11226062
Majid bin Ahmed bin Hamdan Al Shamsi,ماجد بن أحمد بن حمدان الشامسي,75508951
Hazza bin Omar bin Hamdan Al Rumaithi,هزاع بن عمر بن حمدان الرميثي,28487769
Fahad bin Mohammed bin Sultan Al Otaiba,فهد بن محمد بن سلطان العتيبة,49616033
Ghanem bin Ibrahim bin Sultan Al Hammadi,غانم بن إبراهيم بن سلطان الحمادي,10992167
Mansour bin Fahad bin Ali Al Neyadi,منصور بن فهد بن علي النيادي,90294131
Mansour bin Salem bin Majid Al Suwaidi,منصور بن سالم بن ماجد السويدي,49379920
Eisa bin Jassim bin Jassim Al Zaabi,عيسى بن جاسم بن جاسم الزعابي,99913152
Salem bin Omar bin Marwan Al Marri,سالم بن عمر بن مروان المري,45841058
Tahnoun bin Saeed bin Tahnoun Al Mazrouei,طحنون بن سعيد بن طحنون المزروعي,96631789
Eisa bin Eisa bin Sultan Al Amimi,عيسى بن عيسى بن سلطان العميمي,40219101
Abdulmajeed bin Ahmed bin Yousef Al Dhaheri,عبدالمجيد بن أحمد بن يوسف الظاهري,48909709
Hazza bin Tahnoun bin Hassan Al Balooshi,هزاع بن طحنون بن حسن البلوشي,27674563
Fahad bin Hassan bin Yousef Al Mualla,فهد بن حسن بن يوسف المعلا,33762239
Omar bin Abdulrahman bin Jassim Al Marri,عمر بن عبدالرحمن بن جاسم المري,17768979
Nasser bin Sultan bin Ibrahim Al Ketbi,ناصر بن سلطان بن إبراهيم الكتبي,65479629
Marwan bin Salem bin Rashid Al Ameri,مروان بن سالم بن راشد العامري,79539315
Salem bin Hassan bin Hazza Al Otaiba,سالم بن حسن بن هزاع العتيبة,71786428
Rashid bin Hussain bin Nasser Al Kaabi,راشد بن حسين بن ناصر الكعبي,65564963
Marwan bin Saif bin Tahnoun Al Suwaidi,مروان بن سيف بن طحنون السويدي,74699284
Eisa bin Fahad bin Hazza Al Hammadi,عيسى بن فهد بن هزاع الحمادي,31570120
Marwan bin Abdulmajeed bin Majid Al Hammadi,مروان بن عبدالمجيد بن ماجد الحمادي,25166129
Hazza bin Hussain bin Zayed Al Maktoum,هزاع بن حسين بن زايد آل مكتوم,38803046
Rashid bin Hussain bin Ghanem Al Amimi,راشد بن حسين بن غانم العميمي,75643479
Hassan bin Hamdan bin Ibrahim Al Rumaithi,حسن بن حمدان بن إبراهيم الرميثي,92366206
Saeed bin Jassim bin Omar Al Qubaisi,سعيد بن جاسم بن عمر القبيسي,69189316
Majid bin Khalifa bin Tariq Al Rumaithi,ماجد بن خليفة بن طارق الرميثي,20014336
Majid bin Abdullah bin Hassan Al Hammadi,ماجد بن عبدالله بن حسن الحمادي,77742793
Sultan bin Majid bin Tariq Al Nahyan,سلطان بن ماجد بن طارق آل نهيان,66680325
Eisa bin Saif bin Abdulmajeed Al Menhali,عيسى بن سيف بن عبدالمجيد المنهالي,59292828
Hamdan bin Zayed bin Tariq Al Nuaimi,حمدان بن زايد بن طارق النعيمي,60592806
Yousef bin Hamdan bin Bader Al Mansoori,يوسف بن حمدان بن بدر المنصوري,70419374
Salem bin Abdullah bin Jassim Al Shehhi,سالم بن عبدالله بن جاسم الشحي,67887932
Jassim bin Abdullah bin Hassan Al Ketbi,جاسم بن عبدالله بن حسن الكتبي,27799413
Ibrahim bin Mohammed bin Saeed Al Mansoori,إبراهيم بن محمد بن سعيد المنصوري,22779801
Mansour bin Hassan bin Hazza Al Balooshi,منصور بن حسن بن هزاع البلوشي,11379332
Hassan bin Eisa bin Zayed Al Neyadi,حسن بن عيسى بن زايد النيادي,86754099
Rashid bin Abdulrahman bin Hamdan Al Qubaisi,راشد بن عبدالرحمن بن حمدان القبيسي,62921894
Ibrahim bin Majid bin Marwan Al Nuaimi,إبراهيم بن ماجد بن مروان النعيمي,47495786
Ghanem bin Hamdan bin Abdulrahman Al Menhali,غانم بن حمدان بن عبدالرحمن المنهالي,54029638
Rashid bin Hussain bin Majid Al Nuaimi,راشد بن حسين بن ماجد النعيمي,69544566
Tahnoun bin Rashid bin Saeed Al Menhali,طحنون بن راشد بن سعيد المنهالي,35171305
Saif bin Saif bin Mansour Al Ameri,سيف بن سيف بن منصور العامري,77597879
Tahnoun bin Omar bin Eisa Al Marri,طحنون بن عمر بن عيسى المري,77085827
Khalid bin Saif bin Ahmed Al Nahyan,خالد بن سيف بن أحمد آل نهيان,80576671
Abdulmajeed bin Ahmed bin Jassim Al Otaiba,عبدالمجيد بن أحمد بن جاسم العتيبة,55222166
Hassan bin Abdulmajeed bin Hussain Al Shamsi,حسن بن عبدالمجيد بن حسين الشامسي,91561265
Yousef bin Marwan bin Jassim Al Qubaisi,يوسف بن مروان بن جاسم القبيسي,83226552
Ahmed bin Nasser bin Hamdan Al Mualla,أحمد بن ناصر بن حمدان المعلا,74991894
Zayed bin Nasser bin Rashid Al Shamsi,زايد بن ناصر بن راشد الشامسي,69193108
Zayed bin Yousef bin Yousef Al Sharqi,زايد بن يوسف بن يوسف الشرقي,18353551
Abdulmajeed bin Rashid bin Hussain Al Otaiba,عبدالمجيد بن راشد بن حسين العتيبة,36224613
Abdullah bin Ibrahim bin Saif Al Otaiba,عبدالله بن إبراهيم بن سيف العتيبة,45181699
Majid bin Abdullah bin Khalifa Al Zaabi,ماجد بن عبدالله بن خليفة الزعابي,23190392
Hazza bin Hazza bin Hamdan Al Zaabi,هزاع بن هزاع بن حمدان الزعابي,70281255
Bader bin Eisa bin Yousef Al Hammadi,بدر بن عيسى بن يوسف الحمادي,21262947
Majid bin Yousef bin Khalid Al Mazrouei,ماجد بن يوسف بن خالد المزروعي,99826588
Sultan bin Mansour bin Abdulrahman Al Marri,سلطان بن منصور بن عبدالرحمن المري,32209448
Rashid bin Khalid bin Fahad Al Hammadi,راشد بن خالد بن فهد الحمادي,67127303
Khalid bin Hussain bin Saif Al Suwaidi,خالد بن حسين بن سيف السويدي,65790274
Hassan bin Khalid bin Ali Al Mualla,حسن بن خالد بن علي المعلا,51972922
Jassim bin Jassim bin Tariq Al Suwaidi,جاسم بن جاسم بن طارق السويدي,44877126
Tahnoun bin Saif bin Omar Al Maktoum,طحنون بن سيف بن عمر آل مكتوم,79737374
Abdulrahman bin Sultan bin Rashid Al Marri,عبدالرحمن بن سلطان بن راشد المري,16206214
Khalid bin Hussain bin Hamdan Al Amimi,خالد بن حسين بن حمدان العميمي,57902177
Saif bin Mansour bin Ghanem Al Qasimi,سيف بن منصور بن غانم القاسمي,68108357
Khalifa bin Ahmed bin Abdullah Al Shehhi,خليفة بن أحمد بن عبدالله الشحي,17753659
Ali bin Tahnoun bin Ahmed Al Dhaheri,علي بن طحنون بن أحمد الظاهري,82189415
Hassan bin Hazza bin Jassim Al Otaiba,حسن بن هزاع بن جاسم العتيبة,62598348
Ali bin Mohammed bin Hamdan Al Ameri,علي بن محمد بن حمدان العامري,49064286
Salem bin Sultan bin Hussain Al Shamsi,سالم بن سلطان بن حسين الشامسي,12318361
Hussain bin Fahad bin Khalifa Al Kaabi,حسين بن فهد بن خليفة الكعبي,21316997
Hazza bin Omar bin Marwan Al Suwaidi,هزاع بن عمر بن مروان السويدي,67745827
Abdullah bin Abdullah bin Saeed Al Nuaimi,عبدالله بن عبدالله بن سعيد النعيمي,31178336
Hussain bin Bader bin Hazza Al Neyadi,حسين بن بدر بن هزاع النيادي,96801053
Ghanem bin Hussain bin Sultan Al Amimi,غانم بن حسين بن سلطان العميمي,94280376
Abdullah bin Majid bin Hamdan Al Balooshi,عبدالله بن ماجد بن حمدان البلوشي,15502468
Khalifa bin Ghanem bin Bader Al Falasi,خليفة بن غانم بن بدر الفلاسي,77154286
Tariq bin Hamdan bin Khalifa Al Hammadi,طارق بن حمدان بن خليفة الحمادي,18158863
Nasser bin Hassan bin Majid Al Ameri,ناصر بن حسن بن ماجد العامري,63471812
Nasser bin Jassim bin Mansour Al Otaiba,ناصر بن جاسم بن منصور العتيبة,69718677
Mansour bin Eisa bin Ahmed Al Muhairi,منصور بن عيسى بن أحمد المهيري,77212916
Jassim bin Rashid bin Marwan Al Mansoori,جاسم بن راشد بن مروان المنصوري,72597685
Tahnoun bin Marwan bin Ali Al Balooshi,طحنون بن مروان بن علي البلوشي,76194779
Bader bin Jassim bin Tariq Al Qasimi,بدر بن جاسم بن طارق القاسمي,28195806
Mansour bin Ghanem bin Nasser Al Dhaheri,منصور بن غانم بن ناصر الظاهري,39398777
Jassim bin Majid bin Abdulrahman Al Aryani,جاسم بن ماجد بن عبدالرحمن العرياني,80980411
Tahnoun bin Bader bin Ghanem Al Qasimi,طحنون بن بدر بن غانم القاسمي,31715347
Khalifa bin Jassim bin Rashid Al Rumaithi,خليفة بن جاسم بن راشد الرميثي,95608733
Ghanem bin Sultan bin Hussain Al Hammadi,غانم بن سلطان بن حسين الحمادي,64304776
Ibrahim bin Nasser bin Mohammed Al Balooshi,إبراهيم بن ناصر بن محمد البلوشي,74374030
Zayed bin Rashid bin Khalifa Al Suwaidi,زايد بن راشد بن خليفة السويدي,90970355
Saif bin Khalifa bin Khalid Al Nahyan,سيف بن خليفة بن خالد آل نهيان,22007631
Bader bin Bader bin Hazza Al Falasi,بدر بن بدر بن هزاع الفلاسي,95069888
Abdulrahman bin Sultan bin Abdulrahman Al Balooshi,عبدالرحمن بن سلطان بن عبدالرحمن البلوشي,32456772
Salem bin Tahnoun bin Zayed Al Shehhi,سالم بن طحنون بن زايد الشحي,11267240
Hussain bin Ahmed bin Bader Al Qasimi,حسين بن أحمد بن بدر القاسمي,96584721
Hamdan bin Abdulmajeed bin Jassim Al Aryani,حمدان بن عبدالمجيد بن جاسم العرياني,68181076
Ali bin Majid bin Ibrahim Al Kaabi,علي بن ماجد بن إبراهيم الكعبي,46526972
Yousef bin Abdullah bin Hassan Al Falasi,يوسف بن عبدالله بن حسن الفلاسي,70379306
Ali bin Abdulmajeed bin Marwan Al Shehhi,علي بن عبدالمجيد بن مروان الشحي,74418707
Sultan bin Ahmed bin Jassim Al Shamsi,سلطان بن أحمد بن جاسم الشامسي,54232019
Sultan bin Bader bin Marwan Al Dhaheri,سلطان بن بدر بن مروان الظاهري,30316269
Ghanem bin Ahmed bin Ibrahim Al Aryani,غانم بن أحمد بن إبراهيم العرياني,38371415
Fahad bin Ali bin Hussain Al Sharqi,فهد بن علي بن حسين الشرقي,99907663
Hazza bin Ahmed bin Mohammed Al Qasimi,هزاع بن أحمد بن محمد القاسمي,30358423
Hamdan bin Marwan bin Eisa Al Suwaidi,حمدان بن مروان بن عيسى السويدي,48199442
Ibrahim bin Ghanem bin Saif Al Balooshi,إبراهيم بن غانم بن سيف البلوشي,74705738
Abdulmajeed bin Majid bin Ibrahim Al Suwaidi,عبدالمجيد بن ماجد بن إبراهيم السويدي,22218487
Salem bin Saif bin Hazza Al Kaabi,سالم بن سيف بن هزاع الكعبي,40355932
Ghanem bin Mansour bin Omar Al Nuaimi,غانم بن منصور بن عمر النعيمي,12706260
Zayed bin Abdulrahman bin Yousef Al Rumaithi,زايد بن عبدالرحمن بن يوسف الرميثي,16251529
Rashid bin Fahad bin Mansour Al Shamsi,راشد بن فهد بن منصور الشامسي,15776437
Ali bin Eisa bin Ibrahim Al Qasimi,علي بن عيسى بن إبراهيم القاسمي,35353034
Abdulrahman bin Ahmed bin Ghanem Al Zaabi,عبدالرحمن بن أحمد بن غانم الزعابي,56939323
Hamdan bin Majid bin Nasser Al Mualla,حمدان بن ماجد بن ناصر المعلا,66455039
Hussain bin Sultan bin Nasser Al Nahyan,حسين بن سلطان بن ناصر آل نهيان,45545562
Saif bin Sultan bin Khalifa Al Hammadi,سيف بن سلطان بن خليفة الحمادي,96829594
Abdulrahman bin Abdulrahman bin Mansour Al Dhaheri,عبدالرحمن بن عبدالرحمن بن منصور الظاهري,36877791
Fahad bin Zayed bin Yousef Al Qubaisi,فهد بن زايد بن يوسف القبيسي,22730438
Ahmed bin Yousef bin Hazza Al Shamsi,أحمد بن يوسف بن هزاع الشامسي,61677512
Jassim bin Marwan bin Hazza Al Nahyan,جاسم بن مروان بن هزاع آل نهيان,50273624
Khalifa bin Khalid bin Tahnoun Al Zaabi,خليفة بن خالد بن طحنون الزعابي,25817015
Majid bin Ali bin Bader Al Mualla,ماجد بن علي بن بدر المعلا,85781342
Rashid bin Hazza bin Abdulrahman Al Ketbi,راشد بن هزاع بن عبدالرحمن الكتبي,30369393
Marwan bin Hazza bin Ghanem Al Rumaithi,مروان بن هزاع بن غانم الرميثي,46642044
Tariq bin Abdulrahman bin Eisa Al Qasimi,طارق بن عبدالرحمن بن عيسى القاسمي,44179377
Ghanem bin Mohammed bin Ghanem Al Dhaheri,غانم بن محمد بن غانم الظاهري,79223079
Eisa bin Jassim bin Khalifa Al Suwaidi,عيسى بن جاسم بن خليفة السويدي,82312475
Hazza bin Abdulrahman bin Mohammed Al Neyadi,هزاع بن عبدالرحمن بن محمد النيادي,63013324
Bader bin Saif bin Yousef Al Balooshi,بدر بن سيف بن يوسف البلوشي,48522343
Salem bin Mohammed bin Mansour Al Ameri,سالم بن محمد بن منصور العامري,99374039
Marwan bin Tahnoun bin Saeed Al Qubaisi,مروان بن طحنون بن سعيد القبيسي,22047255
Khalifa bin Majid bin Eisa Al Kaabi,خليفة بن ماجد بن عيسى الكعبي,37501588
Mansour bin Hassan bin Omar Al Marri,منصور بن حسن بن عمر المري,44618866
Hussain bin Hazza bin Salem Al Ameri,حسين بن هزاع بن سالم العامري,34906919
Tahnoun bin Tariq bin Nasser Al Ketbi,طحنون بن طارق بن ناصر الكتبي,66137876
Abdulmajeed bin Abdulrahman bin Majid Al Shehhi,عبدالمجيد بن عبدالرحمن بن ماجد الشحي,22191790
Tariq bin Hamdan bin Tahnoun Al Zaabi,طارق بن حمدان بن طحنون الزعابي,59317398
Eisa bin Zayed bin Nasser Al Shamsi,عيسى بن زايد بن ناصر الشامسي,56309994
Hassan bin Ibrahim bin Hamdan Al Mazrouei,حسن بن إبراهيم بن حمدان المزروعي,87200881
Saeed bin Jassim bin Nasser Al Marri,سعيد بن جاسم بن ناصر المري,32538895
Tariq bin Nasser bin Hassan Al Dhaheri,طارق بن ناصر بن حسن الظاهري,51803536
Majid bin Marwan bin Hassan Al Shamsi,ماجد بن مروان بن حسن الشامسي,84499360
Saeed bin Mansour bin Saif Al Qasimi,سعيد بن منصور بن سيف القاسمي,11944097
Sultan bin Bader bin Khalid Al Marri,سلطان بن بدر بن خالد المري,56933840
Ahmed bin Saif bin Ibrahim Al Nahyan,أحمد بن سيف بن إبراهيم آل نهيان,85994427
Hazza bin Fahad bin Rashid Al Amimi,هزاع بن فهد بن راشد العميمي,12175600
Hussain bin Ali bin Hussain Al Qubaisi,حسين بن علي بن حسين القبيسي,68660326
Khalifa bin Hassan bin Hazza Al Muhairi,خليفة بن حسن بن هزاع المهيري,61415108
Majid bin Rashid bin Mansour Al Otaiba,ماجد بن راشد بن منصور العتيبة,88484028
Eisa bin Hussain bin Abdulmajeed Al Ameri,عيسى بن حسين بن عبدالمجيد العامري,93143610
Saif bin Yousef bin Salem Al Qasimi,سيف بن يوسف بن سالم القاسمي,89276089
Saif bin Bader bin Marwan Al Falasi,سيف بن بدر بن مروان الفلاسي,76638843
Omar bin Hamdan bin Saif Al Balooshi,عمر بن حمدان بن سيف البلوشي,50623032
Omar bin Ahmed bin Mansour Al Shamsi,عمر بن أحمد بن منصور الشامسي,78301671
Abdulrahman bin Hamdan bin Saeed Al Dhaheri,عبدالرحمن بن حمدان بن سعيد الظاهري,92562612
Tahnoun bin Ghanem bin Ahmed Al Ameri,طحنون بن غانم بن أحمد العامري,24886615
Jassim bin Tariq bin Nasser Al Suwaidi,جاسم بن طارق بن ناصر السويدي,93018642
Hassan bin Hazza bin Sultan Al Marri,حسن بن هزاع بن سلطان المري,45058656
Hassan bin Hazza bin Mansour Al Menhali,حسن بن هزاع بن منصور المنهالي,23890200
Eisa bin Ghanem bin Salem Al Suwaidi,عيسى بن غانم بن سالم السويدي,63814301
Bader bin Rashid bin Hussain Al Hammadi,بدر بن راشد بن حسين الحمادي,96080163
Salem bin Fahad bin Majid Al Hammadi,سالم بن فهد بن ماجد الحمادي,73359506
Sultan bin Tariq bin Abdulmajeed Al Aryani,سلطان بن طارق بن عبدالمجيد العرياني,35237407
Jassim bin Hamdan bin Hussain Al Suwaidi,جاسم بن حمدان بن حسين السويدي,87238076
Saif bin Saif bin Ali Al Rumaithi,سيف بن سيف بن علي الرميثي,37620984
Hassan bin Ahmed bin Saif Al Falasi,حسن بن أحمد بن سيف الفلاسي,12409541
Sultan bin Khalid bin Ibrahim Al Aryani,سلطان بن خالد بن إبراهيم العرياني,10966066
Hamdan bin Bader bin Abdullah Al Marri,حمدان بن بدر بن عبدالله المري,79986390
Hazza bin Majid bin Khalid Al Maktoum,هزاع بن ماجد بن خالد آل مكتوم,77349711
Hamdan bin Nasser bin Rashid Al Hammadi,حمدان بن ناصر بن راشد الحمادي,82820387
Hussain bin Ibrahim bin Ibrahim Al Neyadi,حسين بن إبراهيم بن إبراهيم النيادي,10152032
Zayed bin Khalid bin Nasser Al Ketbi,زايد بن خالد بن ناصر الكتبي,78651098
Sultan bin Mohammed bin Saif Al Mazrouei,سلطان بن محمد بن سيف المزروعي,53511999
Fahad bin Tahnoun bin Bader Al Shamsi,فهد بن طحنون بن بدر الشامسي,55532835
Jassim bin Tariq bin Omar Al Marri,جاسم بن طارق بن عمر المري,56965944
Mansour bin Ibrahim bin Abdulmajeed Al Rumaithi,منصور بن إبراهيم بن عبدالمجيد الرميثي,29971006
Nasser bin Nasser bin Salem Al Marri,ناصر بن ناصر بن سالم المري,78483340
Jassim bin Tariq bin Tariq Al Nuaimi,جاسم بن طارق بن طارق النعيمي,49007281
Abdullah bin Saeed bin Abdulmajeed Al Aryani,عبدالله بن سعيد بن عبدالمجيد العرياني,81719930
Zayed bin Eisa bin Eisa Al Falasi,زايد بن عيسى بن عيسى الفلاسي,87927592
Mohammed bin Abdullah bin Salem Al Maktoum,محمد بن عبدالله بن سالم آل مكتوم,85908573
Jassim bin Tariq bin Sultan Al Rumaithi,جاسم بن طارق بن سلطان الرميثي,12812656
Eisa bin Sultan bin Saeed Al Mualla,عيسى بن سلطان بن سعيد المعلا,41033160
Mohammed bin Ibrahim bin Omar Al Ketbi,محمد بن إبراهيم بن عمر الكتبي,91347740
Abdullah bin Yousef bin Ibrahim Al Ketbi,عبدالله بن يوسف بن إبراهيم الكتبي,25034778
Yousef bin Khalifa bin Mansour Al Maktoum,يوسف بن خليفة بن منصور آل مكتوم,25995784
Nasser bin Ahmed bin Mohammed Al Otaiba,ناصر بن أحمد بن محمد العتيبة,62183222
Ali bin Hussain bin Eisa Al Kaabi,علي بن حسين بن عيسى الكعبي,49381432
Saeed bin Hamdan bin Ibrahim Al Suwaidi,سعيد بن حمدان بن إبراهيم السويدي,59062159
Abdulrahman bin Ali bin Omar Al Falasi,عبدالرحمن بن علي بن عمر الفلاسي,36244932
Saif bin Saeed bin Abdulrahman Al Shehhi,سيف بن سعيد بن عبدالرحمن الشحي,74064966
Tariq bin Hamdan bin Rashid Al Maktoum,طارق بن حمدان بن راشد آل مكتوم,66932599
Sultan bin Salem bin Mansour Al Menhali,سلطان بن سالم بن منصور المنهالي,81232142
Khalifa bin Bader bin Tahnoun Al Hammadi,خليفة بن بدر بن طحنون الحمادي,84268908
Hassan bin Ibrahim bin Mansour Al Rumaithi,حسن بن إبراهيم بن منصور الرميثي,89846012
Fahad bin Abdulrahman bin Yousef Al Qasimi,فهد بن عبدالرحمن بن يوسف القاسمي,82616713
Mansour bin Ali bin Ibrahim Al Rumaithi,منصور بن علي بن إبراهيم الرميثي,63504626
Tahnoun bin Ghanem bin Abdullah Al Shamsi,طحنون بن غانم بن عبدالله الشامسي,21444087
Rashid bin Salem bin Tariq Al Mualla,راشد بن سالم بن طارق المعلا,63069960
Hussain bin Tariq bin Tahnoun Al Falasi,حسين بن طارق بن طحنون الفلاسي,92391057
Hassan bin Omar bin Tariq Al Menhali,حسن بن عمر بن طارق المنهالي,30072809
Tahnoun bin Mansour bin Hazza Al Qubaisi,طحنون بن منصور بن هزاع القبيسي,48224764
Hussain bin Zayed bin Abdullah Al Rumaithi,حسين بن زايد بن عبدالله الرميثي,98423722
Khalifa bin Abdulmajeed bin Hamdan Al Dhaheri,خليفة بن عبدالمجيد بن حمدان الظاهري,20347212
Hazza bin Marwan bin Fahad Al Zaabi,هزاع بن مروان بن فهد الزعابي,40192485
Omar bin Mohammed bin Sultan Al Suwaidi,عمر بن محمد بن سلطان السويدي,37342180
Zayed bin Rashid bin Hussain Al Ketbi,زايد بن راشد بن حسين الكتبي,43021853
Tahnoun bin Ahmed bin Marwan Al Muhairi,طحنون بن أحمد بن مروان المهيري,20191820
Sultan bin Mohammed bin Nasser Al Qasimi,سلطان بن محمد بن ناصر القاسمي,94091245
Sultan bin Mansour bin Saif Al Shehhi,سلطان بن منصور بن سيف الشحي,22620850
Salem bin Hamdan bin Abdullah Al Menhali,سالم بن حمدان بن عبدالله المنهالي,92183857
Saif bin Nasser bin Abdulmajeed Al Neyadi,سيف بن ناصر بن عبدالمجيد النيادي,96999496
Abdulrahman bin Khalifa bin Mohammed Al Mazrouei,عبدالرحمن بن خليفة بن محمد المزروعي,55084114
Zayed bin Nasser bin Ghanem Al Sharqi,زايد بن ناصر بن غانم الشرقي,86311813
Saif bin Abdulmajeed bin Yousef Al Balooshi,سيف بن عبدالمجيد بن يوسف البلوشي,87831015
Abdullah bin Hazza bin Ahmed Al Qubaisi,عبدالله بن هزاع بن أحمد القبيسي,64807472
Hazza bin Tahnoun bin Hassan Al Mansoori,هزاع بن طحنون بن حسن المنصوري,43279233
Abdulrahman bin Tahnoun bin Hussain Al Zaabi,عبدالرحمن بن طحنون بن حسين الزعابي,37704026
Tahnoun bin Saeed bin Ahmed Al Shehhi,طحنون بن سعيد بن أحمد الشحي,43523387
Salem bin Hassan bin Ibrahim Al Muhairi,سالم بن حسن بن إبراهيم المهيري,77616500
Fahad bin Saeed bin Rashid Al Ameri,فهد بن سعيد بن راشد العامري,95392076
Zayed bin Ghanem bin Fahad Al Suwaidi,زايد بن غانم بن فهد السويدي,70563654
Eisa bin Nasser bin Jassim Al Rumaithi,عيسى بن ناصر بن جاسم الرميثي,72373131
Hussain bin Saeed bin Yousef Al Rumaithi,حسين بن سعيد بن يوسف الرميثي,87188628
Zayed bin Sultan bin Hamdan Al Qubaisi,زايد بن سلطان بن حمدان القبيسي,42909830
Jassim bin Abdulrahman bin Majid Al Neyadi,جاسم بن عبدالرحمن بن ماجد النيادي,74024449
Hamdan bin Ghanem bin Rashid Al Ketbi,حمدان بن غانم بن راشد الكتبي,43792249
Tariq bin Ahmed bin Saeed Al Dhaheri,طارق بن أحمد بن سعيد الظاهري,18748366
Jassim bin Salem bin Hamdan Al Dhaheri,جاسم بن سالم بن حمدان الظاهري,28654287
Zayed bin Ibrahim bin Rashid Al Rumaithi,زايد بن إبراهيم بن راشد الرميثي,31952577
Yousef bin Hazza bin Salem Al Menhali,يوسف بن هزاع بن سالم المنهالي,19732926
Mansour bin Hussain bin Eisa Al Suwaidi,منصور بن حسين بن عيسى السويدي,23355438
Ghanem bin Abdulmajeed bin Tahnoun Al Qasimi,غانم بن عبدالمجيد بن طحنون القاسمي,44474302
Salem bin Hazza bin Khalifa Al Ameri,سالم بن هزاع بن خليفة العامري,59224306
Rashid bin Ibrahim bin Abdulrahman Al Balooshi,راشد بن إبراهيم بن عبدالرحمن البلوشي,63770865
Jassim bin Abdullah bin Jassim Al Qubaisi,جاسم بن عبدالله بن جاسم القبيسي,73312473
Abdulrahman bin Majid bin Abdulmajeed Al Otaiba,عبدالرحمن بن ماجد بن عبدالمجيد العتيبة,42771077
Mansour bin Nasser bin Tariq Al Suwaidi,منصور بن ناصر بن طارق السويدي,67864858
Hussain bin Jassim bin Ghanem Al Marri,حسين بن جاسم بن غانم المري,58430130
Khalid bin Fahad bin Yousef Al Mazrouei,خالد بن فهد بن يوسف المزروعي,14478523
Saeed bin Khalid bin Abdulmajeed Al Suwaidi,سعيد بن خالد بن عبدالمجيد السويدي,11255079
Ghanem bin Mohammed bin Hussain Al Rumaithi,غانم بن محمد بن حسين الرميثي,10776734
Eisa bin Zayed bin Jassim Al Otaiba,عيسى بن زايد بن جاسم العتيبة,99125807
Eisa bin Rashid bin Saif Al Zaabi,عيسى بن راشد بن سيف الزعابي,95044772
Abdullah bin Mohammed bin Omar Al Aryani,عبدالله بن محمد بن عمر العرياني,26041179
Abdulmajeed bin Omar bin Hussain Al Shamsi,عبدالمجيد بن عمر بن حسين الشامسي,31305529
Yousef bin Fahad bin Mohammed Al Nuaimi,يوسف بن فهد بن محمد النعيمي,36042501
Ghanem bin Khalid bin Bader Al Hammadi,غانم بن خالد بن بدر الحمادي,31425548
Saif bin Abdulrahman bin Eisa Al Menhali,سيف بن عبدالرحمن بن عيسى المنهالي,22526694
Marwan bin Majid bin Nasser Al Nuaimi,مروان بن ماجد بن ناصر النعيمي,23790391
Fahad bin Salem bin Saif Al Aryani,فهد بن سالم بن سيف العرياني,91180479
Ghanem bin Abdulmajeed bin Ghanem Al Ameri,غانم بن عبدالمجيد بن غانم العامري,17746465
Rashid bin Tariq bin Yousef Al Shamsi,راشد بن طارق بن يوسف الشامسي,32756401
Marwan bin Majid bin Bader Al Menhali,مروان بن ماجد بن بدر المنهالي,40031105
Ghanem bin Eisa bin Tariq Al Balooshi,غانم بن عيسى بن طارق البلوشي,58608144
Zayed bin Abdullah bin Marwan Al Qubaisi,زايد بن عبدالله بن مروان القبيسي,31431586
Marwan bin Abdullah bin Saif Al Qasimi,مروان بن عبدالله بن سيف القاسمي,52613249
Hamdan bin Hamdan bin Saif Al Shehhi,حمدان بن حمدان بن سيف الشحي,71487991
Abdulrahman bin Mohammed bin Tariq Al Rumaithi,عبدالرحمن بن محمد بن طارق الرميثي,88080990
Ali bin Khalifa bin Nasser Al Aryani,علي بن خليفة بن ناصر العرياني,20769708
Hassan bin Saif bin Hussain Al Falasi,حسن بن سيف بن حسين الفلاسي,59873115
